,Age,Work_Experience,Household_Size,Income
7129,41,49,6,68754
9782,35,0,4,65334
4660,59,42,6,65896
5834,52,10,2,1080988
4522,61,5,6,43789
3234,64,47,5,72186
1784,62,16,7,74942
6131,20,50,1,4654904
1624,36,46,4,69518
3762,59,18,5,278339
324,57,9,5,67326
3934,41,2,7,72106
2132,23,8,2,74956
1272,22,1,4,6495539
233,19,4,2,65250
8373,69,32,6,68304
8498,63,15,6,74222
438,53,22,7,649595
6456,42,10,6,561599
5636,36,47,7,3246147
2924,59,34,5,3096344
1237,50,41,7,72098
7402,70,16,6,90693
4497,46,28,6,72898
9223,48,19,1,1041152
5425,45,10,1,70386
6976,31,21,3,66478
2913,65,31,7,72530
2795,52,9,4,86843
469,70,37,5,69980
967,59,14,3,70014
4744,22,37,3,4320977
7711,46,39,1,67232
8955,20,37,6,62980
1991,49,0,7,74740
8298,37,36,5,67270
5695,63,14,2,64918
7415,42,20,5,75096
2950,41,31,7,74122
759,38,29,5,73856
505,49,39,7,238978
4396,53,44,6,198061
7667,32,37,7,67898
3465,29,25,5,73840
8349,48,45,2,1290515
8374,66,29,4,65094
4870,56,26,3,71902
5197,54,36,5,4169705
1516,26,45,7,66506
2365,64,3,3,763084
1807,34,4,5,44535
8525,68,15,7,74726
2941,28,17,5,67168
2840,40,29,4,72716
8256,59,20,2,64419
1958,46,47,6,71490
8682,26,1,1,7460523
8340,43,45,1,72906
2152,21,28,4,71478
8723,46,29,6,71074
555,18,36,5,65586
9743,33,27,4,179673
931,41,47,6,68490
2776,52,20,4,74226
556,22,22,5,175610
8881,24,24,5,72162
3717,32,31,4,66734
1998,44,44,7,71894
2811,49,29,7,74004
1082,20,1,5,51058
9,40,21,6,5188124
2150,37,10,2,855229
7317,39,21,1,31674
3334,38,6,7,278003
8685,48,4,6,3016051
7922,36,38,5,69830
1593,60,12,7,68610
434,42,19,5,66726
5459,65,38,7,70682
4489,25,42,1,204153
5512,33,3,6,1797520
8260,35,17,7,67362
7234,60,16,4,71884
8061,21,27,7,75948
4309,51,43,5,67410
9104,64,29,4,79456
7754,55,22,5,653868
7062,39,19,6,853434
4106,67,42,6,74024
9074,59,29,2,71932
6892,43,41,7,68072
674,33,47,7,73748
677,70,25,1,1524598
8681,66,15,7,48535
4771,20,5,6,517577
4401,61,2,1,66172
3161,64,0,2,72876
2701,37,29,4,277509
5852,68,37,7,488816
1300,22,2,1,65990
6011,61,39,4,72914
5562,23,39,2,1346784
4264,41,35,7,74546
9017,59,36,7,72526
7858,32,37,6,62373
7798,20,15,2,72074
7467,43,47,1,73514
1349,44,2,6,170031
9781,43,24,5,7260858
5869,38,5,5,69228
601,43,39,5,33186
6289,22,6,4,71860
2940,45,42,7,3645882
4987,50,23,2,67912
6098,57,50,7,2858188
2420,23,5,7,2564030
7496,28,26,4,70074
2296,54,28,4,268280
8578,40,3,2,1325791
1806,35,28,5,74724
5418,39,14,6,72234
1419,27,21,6,75136
9582,35,1,6,71858
2594,34,21,3,68458
1292,64,47,7,2611166
9402,70,37,7,42593
5787,69,42,2,73720
6759,35,45,1,69184
6688,64,46,7,70994
6081,53,3,7,141678
6596,51,12,5,74512
895,32,29,4,74582
9905,30,15,6,68364
3440,60,5,1,71626
6898,30,44,1,73492
8386,36,25,2,73018
7168,52,38,1,4066289
4868,32,1,3,92291
6726,46,34,4,67464
6803,48,34,2,65214
9524,46,47,5,67310
9750,63,25,4,2052471
8320,38,50,6,74290
4204,49,1,3,74478
664,70,4,6,399394
8431,49,10,4,68874
7556,36,41,4,305907
1081,26,42,4,75462
1857,62,40,3,209236
9984,57,25,4,9179314
195,42,15,6,73496
7755,63,31,7,256223
825,50,27,3,499862
1517,39,3,4,3393138
3134,44,9,6,2076837
6242,64,46,2,65180
230,66,32,2,73370
5316,68,5,5,2280108
1924,65,19,1,65936
3084,19,20,3,73396
7150,22,35,4,57087
5269,52,22,2,68992
2355,67,47,4,71848
9869,39,22,6,7695562
1140,30,17,6,68312
8056,26,2,7,39833
4441,42,13,2,72090
6104,67,36,5,2460040
3310,61,45,5,1855238
7514,38,4,5,3564037
3578,56,4,5,33732
1174,58,2,3,72664
8781,55,35,4,66714
6339,33,26,7,7970986
1351,60,30,5,1075729
8950,41,3,7,7249392
58,37,46,6,71332
7821,68,49,5,71238
2348,40,1,2,68112
75,21,2,5,180722
4675,53,12,3,4641934
3514,42,30,2,66062
3255,70,40,2,442641
7250,63,21,2,4225068
4830,56,4,6,45745
7041,31,25,4,64994
6538,69,10,6,73550
9330,33,28,6,60574
7431,18,33,2,70046
7231,42,38,3,68516
7533,45,32,2,65242
2075,64,10,6,66666
457,42,6,3,519258
2778,31,28,4,2986742
4933,36,7,4,121761
9131,50,1,1,6293766
4256,49,17,4,7539207
8023,50,18,4,3031944
1732,61,7,7,65742
9690,39,16,7,2107669
2675,61,33,6,69946
4772,64,37,5,70742
5927,29,42,4,66454
246,49,34,6,407919
7972,49,21,2,70562
4945,39,15,3,44124
2816,31,23,4,72244
9998,44,3,1,57955
2429,18,41,1,72656
1865,44,1,7,4180941
3451,53,33,5,68688
2392,70,29,5,113686
2818,35,2,6,124645
3956,28,13,4,1012697
1134,27,37,1,70222
684,40,35,6,73216
5780,51,15,3,66568
6263,34,34,3,74122
7805,39,14,4,71844
2751,64,6,2,74932
7813,46,11,7,74312
1615,67,27,6,72812
1912,30,45,3,958309
7263,30,32,1,2767860
3810,63,28,2,69594
2098,45,8,3,73356
1189,42,44,2,71640
737,37,32,7,73682
7192,26,4,3,8108102
119,52,39,2,66008
3278,18,48,7,72152
1378,45,25,7,71504
9417,43,28,2,74428
5886,49,43,6,72068
6727,32,15,4,67428
458,39,30,2,65980
9490,68,43,6,70176
966,45,2,7,66061
7271,27,35,1,3145523
8441,70,18,3,68640
7836,39,15,2,8218206
8735,42,43,5,71988
9117,36,2,3,122541
8686,69,30,5,68280
4647,39,32,3,303583
9268,59,14,4,71578
7961,24,31,3,136264
6315,49,14,7,68748
1623,29,27,6,70114
5771,47,24,3,772239
9919,35,20,5,68278
9276,42,41,3,71256
9445,33,29,7,2295842
121,22,37,2,71618
1057,36,48,1,1156187
2963,60,27,4,71960
8837,35,45,1,74288
9970,27,28,4,51368
1948,39,49,1,74528
7502,30,27,2,72736
5860,56,35,3,68560
202,58,35,4,67218
241,36,37,3,401941
1255,25,26,7,72196
9552,63,33,4,67804
6823,62,43,4,65118
7948,31,5,1,6600545
5232,62,5,2,9719578
7722,34,11,7,85690
3078,42,15,7,2311922
930,37,13,3,71666
8885,22,5,4,835906
2191,52,9,7,923336
5586,65,46,5,36262
2770,32,20,5,72708
4887,20,15,7,71866
2699,57,27,2,34174
7451,48,14,5,1167814
8764,44,44,4,70518
9201,38,49,6,66278
2115,43,50,5,55866
5912,20,26,6,71818
1500,27,1,6,74488
5320,59,35,2,2399673
2803,38,34,7,67698
8383,42,43,4,72930
4434,55,37,7,1290511
9677,45,33,4,141081
6839,43,42,4,66982
3632,40,22,4,74868
5434,37,38,1,1858335
7864,51,34,5,9212955
1424,50,14,2,631450
5391,33,36,6,74896
7968,58,5,7,73072
6267,23,29,6,74610
8567,34,7,5,70010
2026,44,44,7,66716
2014,55,0,3,67444
8063,37,25,2,70966
3209,53,33,6,1422700
5244,40,24,7,70098
8905,51,43,5,68314
6441,40,21,3,66532
9833,52,5,3,72568
3066,25,21,4,67366
6492,29,48,7,66421
3095,41,27,6,137678
7847,51,40,4,66788
7524,67,47,6,1156598
8272,29,47,4,65798
8078,42,43,4,65136
8370,70,6,3,68862
3579,23,18,5,66314
1296,61,32,1,67606
2791,33,5,1,66788
5041,37,12,6,279496
8635,32,13,7,74864
7418,60,0,5,68494
5495,29,12,3,68446
5218,18,41,6,67142
2620,56,16,3,1635819
8160,65,33,1,71054
9360,24,4,4,71898
9903,40,33,4,52016
168,54,23,1,2893692
6737,31,3,4,31820
2013,18,37,7,70244
1033,39,10,1,70206
7582,53,30,3,5019420
3701,21,24,5,69408
4709,67,0,3,67420
9723,26,35,1,68662
3861,56,13,1,176625
5141,49,27,1,73890
7077,62,37,2,69364
8026,54,44,1,271043
1203,42,2,2,74566
5132,67,33,1,60110
3552,51,45,5,702657
6745,23,14,4,72806
5342,18,24,7,67286
9810,38,19,7,70510
5205,21,0,6,75006
5228,38,7,6,69780
9044,44,23,3,2997003
5916,39,15,4,71294
3469,20,0,4,68332
1629,27,9,1,2162356
507,42,8,3,73482
9761,66,16,1,81916
5209,41,13,6,74842
7191,65,22,1,41204
2377,64,46,2,70244
7131,19,35,7,778429
7442,62,19,6,73928
5226,27,10,7,54646
4751,32,6,7,65856
711,65,42,4,73068
2671,47,8,4,6475908
1017,63,44,7,65490
6850,19,33,6,65910
315,41,8,2,65736
9747,39,23,7,2503571
4063,22,32,5,68256
8648,69,16,5,3404066
4026,59,11,3,71674
7683,49,35,5,97570
3379,27,30,6,71944
950,21,7,6,39291
4187,57,37,3,74030
4275,31,26,2,1563443
8810,26,26,4,73548
5098,27,31,2,126324
2395,58,47,7,1918519
8584,24,10,1,73828
6128,20,3,4,69060
9028,23,48,5,1383929
5603,66,38,7,3961969
3569,50,13,4,563572
9586,69,34,1,74728
2745,32,3,1,55238
9425,31,34,6,66410
5718,55,43,2,107067
7001,24,16,6,67936
5361,34,33,7,72896
1974,40,35,3,71784
4407,53,28,4,3140438
5270,56,16,5,47033
5062,49,8,7,72568
6158,20,9,5,66208
1822,58,44,3,65220
7891,24,32,1,228057
3508,44,50,4,71566
4228,31,22,2,66088
826,18,29,7,1392089
4674,27,2,5,191663
9350,51,4,6,74982
8933,19,28,1,74052
3775,30,39,6,72968
5414,65,18,3,70438
8838,56,26,5,75372
7213,66,49,3,72458
949,25,17,4,112389
318,69,41,6,66494
4411,30,45,4,68612
2084,58,5,6,8809071
1430,46,3,4,294749
5255,53,29,4,833592
2721,31,28,6,700661
5408,70,14,4,69244
4375,30,8,4,5895088
9175,66,17,4,1674520
7265,42,16,4,347462
6965,67,24,1,4649856
6175,38,2,1,392131
5492,70,1,6,65934
9304,34,1,3,74976
407,48,13,1,5406118
9440,68,5,3,7882186
1311,57,21,7,67002
681,48,27,6,434276
4474,60,15,7,74294
4946,68,48,3,6046697
2824,19,41,5,31566
4910,31,33,4,70042
5083,51,20,2,1956762
3380,38,32,5,70598
3913,62,36,4,2573183
921,68,32,3,1087372
7702,31,6,6,231465
648,36,12,5,165006
2112,50,33,6,183632
9934,50,47,6,70474
1914,44,34,7,71622
6503,64,50,6,61858
1099,47,2,7,43480
4133,55,2,7,1522119
8344,51,11,3,74086
2175,70,12,5,73538
7184,20,6,4,71512
9702,70,27,3,220951
7013,44,8,5,71254
9145,52,29,7,44722
8507,59,23,3,65516
7280,28,45,1,68174
1022,55,44,6,2945793
7736,37,11,7,73216
325,37,30,6,68582
972,22,29,7,71236
8196,68,25,4,67584
7476,37,2,2,66996
4822,42,21,4,3486007
9850,43,32,7,64156
1243,27,0,5,66732
855,40,20,2,729029
4323,54,39,5,4873263
4403,38,1,3,2555449
81,27,33,4,66480
8948,36,31,2,71016
1238,21,44,2,64986
5484,40,34,1,68088
7689,18,17,5,205486
9751,46,13,2,71314
5364,22,15,7,67146
2709,39,43,1,69368
3256,36,24,6,1934231
1576,53,40,5,73562
1355,42,0,7,67414
9029,58,38,1,68044
3567,44,21,1,68034
2988,22,50,7,39840
3436,69,5,4,150017
3490,36,2,6,72676
4561,67,25,3,74628
3711,64,21,5,72188
8100,43,15,7,65222
503,64,35,4,66686
5343,46,17,4,72818
4028,49,29,1,250772
1398,36,26,3,71718
4058,54,18,2,6821747
738,45,36,3,67038
6031,68,36,5,70766
1835,42,10,6,73122
5746,70,33,7,69418
1426,45,29,1,69950
2749,59,9,5,72070
4072,62,5,4,67002
1036,42,37,4,5399338
2826,36,13,5,144325
7561,36,39,2,75054
4061,25,34,5,615941
2758,47,40,2,52679
9196,64,18,1,39459
1911,49,42,6,52623
7009,24,5,7,284542
3185,20,37,5,537860
2685,33,11,6,1415399
9161,26,35,2,69374
6162,66,25,6,3037489
7323,63,45,6,574243
7115,35,4,6,67776
4972,45,23,1,64892
1729,66,24,4,68924
5837,40,33,5,2443126
9252,50,49,6,69396
6861,22,30,3,69358
2902,34,1,5,144065
9335,32,12,1,266122
4147,20,36,3,1866753
4597,45,24,3,67336
3689,38,32,4,8444025
4824,44,29,7,68650
2813,45,5,2,70784
4783,20,31,6,72922
4429,27,9,1,68842
4792,48,40,5,75400
371,64,20,6,6610482
9697,42,12,7,208419
4625,70,41,7,924291
9676,25,18,2,64894
1686,31,18,6,74126
9686,56,0,7,72036
9506,69,2,2,8503475
5153,20,22,4,1707102
297,65,6,2,72136
4296,25,14,5,96265
8980,30,41,3,69898
8257,38,1,5,74352
9285,42,20,1,68974
5493,39,13,3,5051987
6570,64,0,3,72706
2977,53,13,1,166997
7319,45,2,4,73664
5445,28,38,2,73686
7469,34,2,1,333298
4098,28,18,2,141273
4367,52,1,2,46412
2050,47,12,7,66448
2134,23,37,7,69414
8420,19,8,2,65892
7548,58,25,6,102199
6417,18,12,6,71194
1209,70,22,3,74860
5489,53,21,4,9871131
820,27,49,2,69200
2512,69,0,5,74622
7593,41,9,7,72806
4163,25,1,7,42266
190,61,12,4,70670
6432,58,48,1,72794
7343,30,13,6,71048
5143,64,3,7,212580
6212,65,45,1,68324
3833,40,33,6,649298
1000,64,37,2,68064
5072,43,29,4,66164
4911,50,22,5,368526
5959,44,17,6,1496841
2464,65,45,4,69456
6539,36,46,1,74752
9530,19,41,1,559859
6846,70,44,6,635521
4528,62,23,1,65106
2087,39,38,7,67040
6294,67,42,7,207947
8156,61,40,5,69200
6459,69,45,5,70016
735,67,38,4,75468
8650,62,17,2,1189511
9987,66,6,2,65366
9860,29,3,2,7640395
2516,64,43,6,75298
4198,52,34,4,65634
9485,56,11,3,4528576
4322,68,42,2,68014
1976,51,1,5,70884
9122,21,20,5,72086
7039,44,31,4,68546
866,63,29,3,74160
5862,34,42,5,67508
6270,31,19,4,68326
7775,33,9,1,74306
959,49,47,1,70272
1443,64,27,3,74872
594,40,19,1,3960902
3479,18,48,3,71202
377,52,48,5,74404
6047,55,26,7,69728
212,59,34,5,265239
2117,56,20,1,69710
124,58,17,7,274241
3534,26,2,2,93307
2247,54,4,4,35854
7890,40,16,1,69244
20,19,34,6,233049
6932,24,13,7,72052
9884,37,28,7,716017
6930,69,15,5,74132
479,47,0,5,72462
6985,69,19,2,8660517
1305,45,41,4,66426
3106,47,35,1,73114
301,18,33,6,31530
4650,54,28,4,66972
1929,27,8,3,68370
445,31,6,2,67356
8835,44,33,2,72560
953,42,13,3,8118963
247,23,38,1,2551452
6571,53,8,1,1384436
9787,18,23,5,66570
238,49,9,5,6454062
3618,70,4,3,596489
3511,20,20,3,75260
8376,19,39,3,991446
6091,63,13,6,112258
9353,59,30,1,75018
1717,51,49,5,55290
8168,30,19,6,65626
6421,28,50,7,71868
6027,18,3,6,36863
1591,52,11,1,66866
9823,54,8,1,66458
8271,28,26,1,225064
2659,20,9,4,75348
3354,58,5,3,165647
1345,24,7,3,124567
8157,43,27,1,74492
2868,69,39,6,5794992
6362,56,19,1,1085439
3483,65,14,7,9677553
245,43,17,4,472998
5334,50,38,7,182159
9165,48,3,7,52530
9892,56,34,3,67538
9334,33,26,7,74282
2580,35,45,4,74172
5373,66,34,5,65444
7779,59,25,2,71560
2836,67,8,4,65482
1257,46,0,3,69956
5094,26,7,3,73254
64,64,5,6,1142923
8075,43,25,5,75128
5585,55,5,2,45896
3923,45,44,1,738376
9328,33,9,4,2127954
3267,38,32,4,71334
8228,28,3,3,4858345
4975,50,33,2,349440
1809,20,38,1,64926
3855,66,5,7,35071
9178,22,24,3,73644
2048,32,31,5,256047
1286,43,25,5,4974563
6761,20,27,3,3741834
6585,67,46,4,71612
5192,55,13,1,4108122
449,32,2,1,8201655
7110,61,6,2,73562
793,25,40,7,65648
9672,41,3,2,65632
7498,54,41,2,69926
5632,36,6,7,77748
8938,34,28,3,64890
313,20,49,3,1576578
5387,26,46,2,73356
6805,34,3,5,72516
5010,22,12,7,72262
1092,37,18,1,5284915
7172,55,15,1,75456
9171,66,8,3,70148
5375,60,38,4,74824
3495,63,7,4,74172
209,54,49,5,70444
2223,56,48,5,609165
598,46,11,4,67130
2268,57,39,7,71956
6265,31,3,3,70900
6935,21,27,5,71904
3613,51,6,6,155591
154,26,5,2,70662
5694,46,7,1,72920
2909,43,9,7,64896
7219,43,26,7,5008504
8750,30,37,2,68634
2225,68,24,1,72004
3776,55,9,1,2150026
6122,26,10,2,65180
6574,68,16,7,137127
4171,18,50,6,69922
8421,54,24,4,65216
4117,21,22,1,72384
2338,46,17,1,69168
2010,36,50,2,1916977
8006,40,32,6,65836
6826,42,23,4,74410
192,47,29,3,65958
7975,27,13,5,74540
3499,70,23,2,71966
1484,29,43,2,69082
6176,41,20,2,197016
5338,27,7,5,74236
9320,30,15,5,69080
853,20,13,2,66750
2739,21,26,1,74386
4555,22,40,4,4612535
4329,44,18,6,154486
3627,57,41,2,68816
6824,22,15,6,128788
800,44,29,4,9256278
8960,52,43,3,65822
5117,42,13,7,69694
7434,50,0,7,69308
1882,70,8,5,1195322
6457,31,2,1,74210
9019,51,8,6,2169636
3396,57,5,7,6758509
1889,60,25,6,72212
4422,55,29,7,65696
3527,36,21,5,67414
3177,21,40,4,66522
4538,45,1,2,4741058
3367,60,26,5,559295
4184,53,7,2,69812
2969,41,29,5,127495
5464,54,25,5,74136
1357,69,17,6,3338501
3475,57,2,2,76244
5540,24,45,1,2920269
5686,32,19,5,71196
9571,60,5,4,67686
1685,34,34,5,71648
8393,18,0,5,67082
334,35,30,3,4625741
766,35,50,3,209662
9146,48,16,3,67764
6678,45,14,2,6313873
9471,67,3,7,49179
8402,43,9,7,1477721
7047,64,21,3,67358
9956,26,25,5,66760
3313,53,26,7,53346
6102,41,11,3,73856
756,64,18,2,67726
5260,56,25,6,66048
7658,48,49,5,65170
9981,33,18,1,68460
147,20,21,6,71056
7348,50,18,3,71160
8759,59,16,7,488418
2305,64,40,2,1319726
2849,24,26,3,71374
8050,65,4,4,1907883
2021,29,33,7,68860
406,59,36,2,282378
6170,63,24,3,73452
26,38,28,6,69002
2616,56,17,6,5345320
6703,19,28,3,69742
9548,19,16,2,117191
6757,53,15,2,56428
9432,31,37,7,7272269
7088,54,3,5,68310
5016,37,15,6,74950
4953,33,16,1,74266
4341,61,26,2,3391854
4064,34,35,3,73146
1579,57,37,4,70848
1332,26,10,5,7273497
6174,42,41,4,71982
342,50,8,6,2302264
7471,32,39,7,67614
1453,33,22,3,1068169
9994,49,44,3,95134
462,59,14,6,66410
9236,62,14,4,5766152
53,67,25,5,68054
9832,44,38,4,3064841
5526,20,35,5,75144
4499,51,31,7,66314
1003,43,17,5,71174
4347,47,37,6,69670
4428,31,35,6,67374
6796,40,41,3,115741
9717,65,15,5,66328
3657,47,15,4,84460
634,66,32,2,6854057
8252,21,50,6,68408
669,69,12,3,140820
9575,66,40,4,69876
7146,26,37,4,65200
923,22,27,1,8157877
6847,64,43,6,796898
5859,32,14,1,9371275
5063,65,14,1,73598
6583,49,18,5,72080
6232,64,38,1,60041
7810,69,30,3,67668
8432,32,41,6,64994
4882,23,18,1,8690413
2772,52,4,2,203630
8777,53,22,5,6667372
182,19,27,3,75118
1220,25,8,2,74050
9937,34,25,5,69096
4541,18,1,5,33030
497,40,14,4,68766
3543,43,49,3,4178989
8615,66,16,1,72672
7973,23,41,2,65090
919,47,5,6,65340
5483,33,38,5,74178
6763,49,49,2,74126
4378,19,29,2,4036517
3207,70,49,7,5857775
9938,40,9,6,70724
8062,35,8,5,68542
7178,25,25,4,3101205
732,20,6,6,67062
3071,40,32,1,71952
9875,37,17,6,72196
3067,63,47,6,69026
3346,54,31,3,65900
5429,35,9,6,416844
8913,32,25,6,73764
7605,65,24,5,66896
9993,34,16,1,71352
8345,69,38,4,695262
5474,61,10,4,426448
3504,21,39,7,132697
7767,60,6,1,72114
7074,43,25,1,7393887
455,39,31,7,71170
547,22,16,6,67254
6769,57,12,2,68868
665,22,16,5,75392
305,54,39,1,73098
1275,27,43,4,283904
2545,37,12,5,73082
2564,59,29,7,66838
6660,57,6,1,316435
7477,32,3,1,911493
4314,32,49,3,72296
9140,28,43,1,44100
707,54,35,1,65850
3122,21,2,3,70036
6262,55,34,6,1490145
4018,30,24,7,558438
5511,32,35,6,329828
4451,57,42,3,8705765
9065,35,27,6,68574
2058,55,45,1,53104
9606,32,36,5,74732
8862,56,0,6,75002
6975,31,19,4,65192
9431,63,1,6,157715
8616,39,43,2,570921
7023,60,13,5,95151
9895,49,44,5,67860
4601,33,49,4,71746
1803,59,19,4,67706
7492,63,20,3,71978
7976,24,11,3,5138152
9849,49,22,5,998551
5622,53,29,5,70010
5679,27,32,6,68832
5108,55,39,7,67488
940,65,46,3,74578
3621,36,18,3,66372
4923,70,39,7,33321
1005,40,44,2,67214
9861,65,18,3,70094
7925,62,19,1,71078
3531,64,37,3,65666
5064,23,23,2,70756
369,50,11,7,68002
3088,69,28,5,72978
5798,57,18,2,74616
8870,39,40,2,304159
4004,46,21,6,75144
5904,49,42,5,72748
8805,40,2,5,71424
6981,20,34,5,75156
5165,30,33,1,2918966
9607,25,14,7,82053
5775,28,16,1,71004
7091,50,50,6,66584
1581,51,41,7,71460
3690,38,23,1,2362136
3055,49,35,3,3949198
8853,25,23,4,65088
2099,37,44,2,67548
649,66,27,4,65020
960,67,34,2,3781994
6701,43,48,2,74968
3059,29,32,2,2601630
842,52,20,4,7215570
5880,65,26,3,2431318
7443,23,40,6,33827
3719,36,47,3,70486
385,70,21,6,68940
2958,54,30,2,66566
2514,44,1,4,4402219
1306,48,3,7,70306
4388,40,20,3,117418
9282,27,40,3,8000230
429,46,12,3,467216
9997,41,50,4,2684820
7971,69,5,5,1190119
1879,60,50,3,650220
3139,30,6,4,85593
567,37,11,7,65528
3952,60,29,3,72602
1741,22,24,6,4802849
9129,28,31,7,65338
3759,44,27,4,639122
463,23,8,6,66612
3230,64,11,7,3369657
837,66,9,5,73358
9585,57,18,4,67784
3148,31,6,6,6550812
9157,35,28,6,73284
1178,52,2,2,38185
4604,65,31,3,8717226
881,43,15,1,7391169
7707,54,42,3,73646
7195,70,36,3,5513290
6955,49,0,3,72206
2443,50,5,5,70106
2310,67,24,7,67520
5865,57,29,4,72484
2211,68,27,4,69878
1545,38,48,1,228075
3008,66,13,1,70020
1187,62,31,6,67830
6516,33,50,5,4960168
3932,53,17,5,74604
5576,24,31,1,45629
8544,60,14,7,66668
3147,34,13,6,71726
4386,53,20,7,191035
8579,39,49,5,72072
5307,47,40,2,81805
6447,65,47,2,5199910
5816,48,13,2,67218
945,33,16,7,2310294
6258,34,45,4,71268
539,38,36,3,4108639
4132,36,7,2,70890
636,40,37,2,68758
5767,29,10,3,70700
2143,25,11,2,111478
6795,69,11,2,75312
9237,54,31,2,1875206
9977,47,22,5,2455051
9427,54,9,7,1684455
9673,35,11,6,72756
2089,41,43,2,69546
2930,58,50,6,71340
7727,56,5,3,73052
8906,23,21,7,67930
1965,46,34,4,72204
4875,56,12,7,4418181
7401,20,25,5,4074977
4696,43,12,3,74870
2599,52,24,7,72096
6698,33,34,2,68348
5907,45,38,5,5296164
6496,19,19,4,1183366
7542,36,17,7,65190
2608,42,4,1,72536
8043,46,5,2,301828
1651,58,11,3,72488
3591,38,5,1,70146
1078,47,8,5,74600
4866,19,49,2,845328
7256,23,28,1,74504
9378,30,39,4,74190
6065,45,1,5,535333
2972,37,33,1,260149
4524,59,8,7,9092242
1200,40,45,5,69050
7411,62,37,3,52967
8607,21,36,3,69823
4863,34,21,2,75408
5957,25,42,2,71824
2173,25,19,2,65671
5049,64,45,5,74762
7699,48,20,7,66342
1348,51,42,7,68732
6576,55,37,7,70244
9816,19,5,5,71808
3491,49,16,7,67668
2430,41,24,7,65378
1480,59,22,6,74856
5650,45,41,4,72448
5789,54,16,2,69492
9040,62,42,2,69976
1837,28,44,6,66378
2873,39,39,1,66152
2991,25,29,6,67908
4250,27,33,1,67386
9133,56,49,5,67168
7030,26,5,2,75354
213,61,8,7,67380
611,46,30,6,1349066
1776,24,2,7,118587
7285,43,40,4,732592
2448,61,32,3,65630
789,25,48,7,58367
5871,30,36,5,74264
1051,51,37,1,4122726
2090,58,11,3,75294
2049,42,14,4,67224
1100,55,47,2,65220
9364,54,36,3,57072
7387,58,28,6,74306
7188,33,20,1,138046
7937,32,48,5,68664
6528,24,50,1,67728
151,31,44,6,3336052
9989,67,14,5,297075
5245,42,23,1,388552
9021,25,45,3,68358
5138,70,21,6,444622
5760,48,25,7,91082
2993,55,21,7,74434
4922,36,34,1,3235553
9593,60,24,1,2526200
5607,38,30,5,2218208
1364,60,29,7,71588
6314,52,20,6,74556
8110,33,1,5,73370
588,48,42,3,1059121
9804,63,9,2,84649
5962,63,37,7,72366
2033,25,13,1,71842
3126,59,18,1,42436
7076,43,45,4,75266
2769,26,33,4,74986
6381,23,19,3,356733
2727,19,28,1,613441
1893,40,0,2,72932
5779,61,46,3,72842
4385,50,43,7,73464
3034,34,12,2,68136
3919,51,43,1,65384
5571,23,11,1,5369145
6382,63,0,1,74586
5451,60,33,3,51612
4652,53,33,5,1083117
3980,43,37,5,70366
6951,42,21,4,95750
3121,18,20,4,68674
7991,58,45,1,65431
5240,21,37,5,704549
7449,60,7,1,184984
9726,22,19,6,74704
6490,65,6,6,306580
2559,43,4,4,421210
2450,43,50,5,66924
4111,44,19,2,466365
5580,35,11,1,337651
401,40,40,4,67420
4568,63,18,7,75298
1614,20,29,6,68602
1513,62,28,4,70396
7084,36,5,2,137940
4782,21,20,4,65526
4950,31,43,4,75410
2992,27,24,4,67192
2761,47,36,5,66530
4689,70,45,5,68552
8642,62,9,4,195659
7509,19,7,4,75046
1801,37,45,3,216939
3072,61,5,6,1696500
6555,35,33,4,5726352
3715,63,16,5,70404
8141,43,1,6,69438
8634,38,28,2,72030
5191,60,35,1,72640
1277,55,11,5,71174
2890,30,10,4,3617744
5993,57,36,3,75030
944,40,40,7,68630
4577,30,28,1,72892
2920,46,18,5,68428
8785,29,43,1,69702
1139,19,34,3,520635
9381,65,17,2,5758380
5846,26,0,2,73902
4348,26,10,2,67266
6867,37,9,1,3197543
5056,23,31,1,65920
6146,67,24,6,74576
8153,31,43,3,73578
4300,61,7,2,68662
9933,66,16,5,66986
3010,21,43,2,69952
9950,40,15,4,74368
4943,40,18,4,76305
6631,18,18,4,570016
9886,67,16,3,66304
3525,67,20,1,74146
2001,61,36,5,4049969
100,62,29,5,69034
2819,46,23,1,35838
5958,67,4,4,65916
7521,48,41,3,5367499
7685,47,41,6,1013122
8338,49,3,7,34972
7105,32,8,2,66218
8339,59,7,3,5152936
6246,59,12,5,1111309
641,34,18,4,3839043
5107,65,40,7,2891648
3875,56,46,6,1326756
3801,56,0,4,67234
731,56,7,1,1722795
3388,33,37,7,62198
2703,61,41,7,67776
7373,38,44,6,5738250
4729,22,6,7,398002
8722,23,28,1,3567970
8537,51,39,7,70850
4711,43,15,1,675642
1344,19,19,5,1727157
3628,41,45,5,66252
3634,65,16,2,73996
8218,26,10,5,369557
2502,21,26,7,46094
9955,35,9,6,4131525
3225,34,1,2,72026
6988,32,8,3,1703834
3426,42,1,1,70876
38,64,50,4,50958
9200,60,13,1,4644089
8841,35,32,1,71994
708,55,13,3,33104
4266,39,26,3,74578
2578,27,32,2,66918
5738,63,36,6,506332
309,52,19,7,69756
5362,24,36,5,110585
9665,19,21,6,52597
5217,67,17,1,1636511
9205,43,26,5,61882
9283,59,38,6,70562
4475,70,36,6,45157
8161,53,28,3,71214
7209,60,40,4,65410
961,68,9,2,69370
3754,35,46,1,664193
4957,69,4,2,181376
1867,62,14,5,73992
1067,54,0,5,66826
418,44,6,4,284787
4010,49,30,4,72946
4006,64,27,6,74224
356,39,37,6,2771585
4684,24,24,2,5989527
6936,42,46,1,8636657
6360,61,10,3,1472444
6103,33,19,7,71000
7385,34,12,1,74458
3215,66,12,5,327033
35,45,1,5,490898
1279,25,48,5,102448
4525,43,8,2,8849375
8599,41,9,5,69062
609,62,24,4,1435138
3816,29,3,6,71316
889,47,35,1,74108
6604,36,22,1,68314
3658,26,34,4,1207906
9365,65,38,5,5714922
1539,55,13,5,68866
1927,47,23,7,455558
6023,25,33,3,73954
9099,62,45,2,68894
5670,40,44,5,69426
6580,32,37,4,70872
2387,18,8,6,70718
9062,64,2,1,8383577
6033,56,23,1,5650280
9980,24,24,5,66280
3394,41,6,3,4285698
3940,21,14,1,69062
4274,48,49,2,526109
2934,46,49,2,74306
2607,30,14,7,70370
6376,60,12,2,1741119
1601,70,42,4,1800034
7985,68,14,2,67892
4641,34,14,5,3675408
7113,24,16,4,130658
1254,46,47,4,68850
8943,49,9,4,75250
7635,58,13,5,3943027
3065,38,47,2,4359552
4257,67,5,3,5740837
280,57,34,1,65766
2496,32,46,4,6626930
4352,36,38,2,1206805
1412,21,4,1,65368
1039,37,24,2,65960
2983,68,34,7,53407
7942,19,10,2,68852
9085,19,46,7,74122
9803,19,30,3,68382
4253,25,35,6,66006
5797,40,6,2,93250
6025,44,26,4,68198
1284,60,7,5,1047140
2997,45,20,1,3284521
158,59,14,5,66304
6206,54,13,5,42974
5532,62,30,3,68658
2603,28,49,1,75202
7164,27,21,3,71010
1269,43,2,1,42797
8695,31,8,6,67388
8530,35,28,3,67150
3843,19,20,2,72076
6919,23,1,2,1929374
3784,43,0,2,75052
8214,22,3,1,3761337
9587,63,10,4,68392
7803,57,30,7,74546
3653,70,17,1,66968
3709,62,12,3,72682
7407,35,24,6,4129651
9972,38,43,4,70028
2167,62,33,3,66110
5329,41,21,1,2606298
7690,51,32,6,143978
5187,26,44,2,144118
4288,35,36,3,58139
3283,63,11,7,65922
8884,59,10,4,67368
1464,24,42,2,3015947
1403,64,4,2,3166900
8262,36,44,1,682902
9889,30,32,7,73380
6721,44,47,1,71180
1356,24,11,7,113746
1556,27,33,7,89639
8834,49,33,2,72920
4742,43,2,1,790523
9867,22,36,1,3126876
6445,51,9,3,115024
8956,21,30,1,874283
4440,60,40,3,71462
7111,35,45,1,73270
7760,50,19,1,71564
1559,43,38,6,68588
355,39,6,5,3757718
5855,34,29,6,75166
1702,66,44,4,483534
5940,21,42,6,66088
858,54,30,7,75234
4920,66,2,5,646273
2539,48,15,3,68036
113,41,9,6,69570
7908,27,30,4,74472
8171,65,49,4,2890384
8065,60,9,3,71486
5335,50,35,7,72040
8029,41,37,2,67354
6717,18,2,1,74186
1316,18,6,3,65376
2707,37,35,4,69166
8493,69,25,2,376159
6792,22,8,7,93164
3945,37,37,3,68900
655,26,49,2,82154
4954,36,34,2,69790
7444,38,31,2,69354
7516,46,37,7,752280
718,42,30,4,75286
2438,32,6,4,70952
542,50,37,1,66846
8807,18,26,5,71698
3053,38,50,2,3918525
7983,50,41,1,68858
9300,65,40,5,71270
2265,54,28,1,71242
5275,40,10,5,2903403
6656,61,18,1,68732
4535,21,21,4,749476
4424,19,45,6,65198
8638,54,21,1,838705
6157,47,45,7,66056
8858,31,29,2,72980
8442,63,30,6,32192
3742,19,43,4,69334
7988,68,35,5,1858061
4232,70,35,7,72766
5858,32,2,4,67524
1145,54,41,3,74626
2752,66,26,1,73374
2738,43,24,4,7308582
3860,58,0,4,70158
638,52,8,4,1175878
3027,33,44,3,68802
2009,23,40,5,74060
3280,53,21,1,68108
4677,44,32,7,7761279
7214,42,13,2,73568
9458,60,37,4,6377389
7425,40,2,3,2500967
508,57,33,7,217908
1637,48,16,7,68538
2536,27,23,3,124936
6132,44,13,2,1463756
623,65,4,2,66818
2341,64,41,7,70212
9078,40,36,4,73198
3517,43,26,4,72422
2809,62,15,4,447186
7659,34,44,4,68572
6833,28,40,2,69584
488,47,21,1,68672
3677,39,17,7,74472
6304,36,4,1,66358
863,38,29,4,67612
2242,59,21,2,68132
6680,49,6,4,69856
2096,33,18,5,70888
7357,68,35,7,95705
3132,63,8,6,71844
5169,55,11,4,71248
2521,59,25,3,66150
1361,50,24,2,65572
9573,59,25,7,69064
7409,69,40,1,70692
7381,37,13,2,68108
5728,37,50,3,73320
3872,35,47,1,2284320
1142,19,48,6,73694
9799,20,36,2,260620
3108,61,33,5,68868
3974,47,9,7,67438
9045,63,44,5,83713
1896,49,30,4,74378
9234,53,42,2,70240
9486,33,18,3,73420
3730,68,21,7,74914
4216,55,4,1,90266
6233,51,8,6,8600918
1917,34,35,6,70130
7034,36,10,3,4482422
5099,53,22,5,72132
2641,23,10,6,686531
3286,37,31,6,65508
6602,24,9,6,74244
5454,26,45,6,72454
8921,20,46,3,68022
3157,23,12,1,935750
9005,50,44,1,8675791
5420,29,6,7,72364
770,31,28,6,69480
2807,32,44,3,31212
6964,40,48,3,65002
8572,63,45,6,72866
2401,26,21,7,70250
765,37,33,4,606300
1572,38,0,6,74746
1605,34,25,4,2973574
7326,39,49,6,65774
164,69,35,5,4090954
2422,35,45,3,67242
5358,56,12,3,102818
5443,21,3,5,66004
2251,58,36,3,5931345
1071,38,22,3,815891
5968,56,4,1,483848
5344,67,46,2,65956
3959,55,31,1,55784
5236,52,45,5,221586
6845,18,23,6,1768980
7389,42,10,2,71692
5546,32,50,6,7127584
1340,42,37,6,73696
5019,44,4,5,71422
6127,36,38,6,75108
4222,48,48,3,151456
3594,70,21,1,71200
1785,63,49,4,69368
7620,25,50,1,68826
1298,65,14,7,66142
7067,47,12,4,73572
8688,55,20,2,69942
8715,55,13,3,154390
975,43,5,1,179838
2596,65,17,2,2277733
4678,51,19,2,68822
1076,47,15,4,74574
6904,56,40,6,138520
2128,66,14,5,72588
734,30,34,4,73808
9504,50,36,5,66532
527,22,26,4,158549
7136,38,4,1,3762190
5713,30,30,7,2185268
1665,31,38,3,54820
8957,54,13,6,73416
1171,46,0,2,67420
9559,51,14,6,68114
5785,27,23,1,73396
8209,24,27,5,69744
6992,55,18,3,516181
5999,27,9,6,71384
1611,42,15,6,74426
2123,67,7,3,410732
450,45,41,7,66772
6078,43,4,2,445643
439,62,32,7,74830
1242,22,42,7,1975420
9280,18,50,3,69686
6404,34,11,1,72928
722,23,0,5,71588
3322,44,17,7,589615
7903,33,39,6,69508
7246,37,2,6,2089501
1744,66,37,7,1020785
4629,25,29,1,73828
2012,20,37,2,75266
8499,51,23,7,70374
7043,45,0,4,66718
5714,30,8,4,72028
2928,34,37,3,620764
3573,19,15,2,1850726
1106,43,44,2,975252
9562,24,38,6,78285
8079,43,43,6,130354
1270,60,27,2,9353085
5333,64,7,6,124281
717,24,8,4,71312
1752,54,40,7,71044
9995,58,26,6,74994
9881,25,30,2,4231121
8860,47,43,2,71314
2506,36,40,6,65978
1374,58,8,2,65856
149,22,46,6,66540
8697,46,38,4,66132
1491,51,7,6,402617
6350,41,16,5,136842
603,68,49,7,74294
9347,27,32,3,1680530
2227,29,3,4,539886
5399,46,22,1,292267
2320,23,20,2,71840
4027,51,46,4,67584
7298,35,24,4,646076
5989,47,33,5,67778
2735,20,13,4,461892
1798,66,23,5,67288
6877,30,35,7,70092
6037,50,5,7,134245
7599,20,36,4,544437
6731,37,7,1,73000
6648,45,2,6,68290
9250,31,26,4,5586437
9232,46,17,3,67140
8569,44,13,4,38535
5864,26,26,5,68728
3988,23,40,3,1412986
1343,55,39,7,70010
7854,55,32,2,68010
2426,36,18,1,70756
6710,27,9,3,75216
6785,32,47,2,66140
1620,47,29,6,72852
8308,39,35,5,144264
2368,43,2,3,1779504
8231,59,8,3,258996
3291,47,0,4,72886
3315,37,3,1,70318
2785,50,48,2,501522
2110,30,12,1,7373889
3018,53,26,3,69654
1642,33,41,4,208888
4097,55,20,6,74668
373,22,41,5,72492
7964,48,34,2,73096
8552,62,32,3,69316
1381,24,30,6,3102009
6278,70,50,7,72222
7374,43,37,2,6102886
7501,53,49,3,4384047
5800,63,7,3,74868
2852,50,33,3,1402626
6342,43,9,5,622558
6606,47,11,6,668710
2382,25,38,7,74416
761,54,12,6,66296
7652,64,21,2,73264
4443,43,29,6,237129
2157,58,35,3,66114
6361,68,20,4,74598
8403,47,17,5,66743
6210,22,40,4,72600
8210,22,43,3,71876
436,30,14,4,69972
9660,43,48,2,2088574
6556,22,23,7,71076
5583,28,36,4,67422
4993,31,37,4,222175
1852,22,46,2,31199
7187,40,16,7,8580771
678,59,3,6,74470
6084,49,33,2,532462
287,42,41,5,74538
9413,56,33,1,74368
7038,60,39,3,99219
4655,45,38,2,2396933
5147,60,35,7,66766
8010,28,4,4,850397
5535,38,18,5,70958
8462,40,50,3,161969
485,30,48,5,54038
8054,35,9,3,68738
1465,50,8,2,118028
9182,62,0,4,66114
1698,40,24,5,74710
5328,45,14,5,72304
6613,70,22,5,65144
9015,70,32,7,72060
6327,53,23,3,8430829
3598,53,5,5,68368
5279,33,26,5,6200526
3727,55,35,1,74108
8200,65,12,4,287911
2883,32,17,1,68116
6608,52,12,3,72956
3146,29,19,6,4570373
3327,49,16,3,67890
8970,44,32,1,65826
6683,57,6,1,71774
1737,47,49,5,73154
5570,65,23,6,194901
2064,41,40,1,1119267
7379,66,18,2,687690
7819,29,40,1,66762
1713,61,4,3,67710
5888,30,49,3,71644
5830,27,26,7,71188
8535,40,35,4,5983316
2802,25,16,4,73786
5170,18,11,3,265433
5949,34,43,3,71204
8184,51,17,6,72810
3202,41,24,5,72098
4219,43,46,5,32230
2632,53,48,1,904631
6236,42,2,3,71924
9428,19,3,3,71988
2028,63,49,1,66006
2942,51,30,7,72072
3791,58,15,2,69992
786,41,23,6,67936
2705,47,13,3,519660
5149,51,16,1,54121
9762,49,29,2,72878
2212,49,20,7,73426
8751,66,49,6,69326
3867,68,37,1,67044
8003,30,42,1,73916
1529,35,38,3,492382
4036,61,27,6,73476
8471,57,45,7,74206
7134,59,46,7,69448
410,63,5,3,65108
7939,62,35,3,68136
6812,30,23,2,69514
1679,69,32,6,66632
204,56,19,2,72898
5915,33,40,3,3200368
2093,63,35,5,67846
8660,49,40,4,713409
2655,25,37,2,68206
5986,30,33,3,118276
3606,35,3,3,3279593
2264,52,1,1,9450323
5119,64,29,1,68440
3200,36,2,7,67384
1436,25,34,6,7602365
3633,39,50,4,5022688
660,69,24,1,74884
4941,21,26,4,74686
8904,56,45,4,3375470
386,23,16,4,9504728
5356,70,39,2,8936771
2713,49,20,4,68528
7546,33,29,1,67340
7035,53,42,3,74378
7924,23,44,6,68286
7138,48,19,4,72117
7753,46,45,3,70996
3020,44,16,3,8415041
1653,43,25,2,72588
4195,48,29,4,66724
90,57,6,3,53957
1778,21,0,2,72932
2798,42,43,4,49379
4918,23,2,7,78335
335,19,16,7,69554
8467,62,14,5,72862
1080,41,45,5,643250
4311,21,47,5,3702812
9865,29,11,2,4411782
4622,34,49,5,107872
6467,38,19,6,65392
1454,21,37,3,74198
4724,51,47,3,67900
9290,19,33,1,73298
6142,64,8,1,720433
5367,20,14,7,73820
1313,39,0,1,70098
1669,26,3,3,2983733
4070,51,40,5,71658
8661,59,23,6,73400
7314,55,25,3,68792
4991,32,11,7,240803
9576,53,47,1,110046
9541,26,34,1,74030
7714,70,40,6,193609
4177,54,18,7,68426
1728,46,15,1,66848
1992,19,42,6,81668
8424,43,1,6,118606
5696,31,49,3,73710
9496,35,5,2,71150
1603,26,7,4,328727
4231,56,16,5,75068
3074,28,5,6,682805
4592,28,10,3,75847
5525,64,32,5,69202
9707,42,15,4,1731387
5498,28,18,3,48001
1152,55,9,7,4383111
1173,28,35,5,66114
2525,19,45,4,73404
5568,63,25,2,289038
1445,51,31,2,72636
2053,34,24,3,69642
7287,31,10,7,3406079
331,46,13,7,652296
1765,54,8,5,73414
2681,64,27,2,68604
2433,38,48,6,69904
3840,37,17,5,71970
12,41,21,2,9892000
330,42,13,4,2368468
7912,29,44,5,72530
2552,64,24,5,75416
7984,27,0,7,70724
8281,37,25,6,1520874
1475,18,20,4,73178
6215,57,13,1,600666
10,28,50,5,68944
7200,51,6,7,1031720
7223,58,33,1,68214
5247,69,2,6,68934
1799,26,39,6,589937
9469,26,42,7,539902
2011,22,9,1,69232
2789,18,31,1,169458
7494,47,5,3,4020384
6940,63,20,1,66224
9507,54,44,6,65832
8265,34,44,6,193147
5693,34,17,5,4844569
179,68,3,1,66446
7204,66,13,2,130108
3674,19,4,7,196725
1383,49,20,6,813740
4482,26,28,1,70344
4519,58,6,4,66858
2623,36,22,4,5343831
736,45,36,5,70834
1619,68,23,3,67164
6234,48,22,5,68302
6311,36,41,7,47686
9071,48,21,3,73702
3650,69,4,1,65638
6400,20,39,5,66648
9409,19,29,4,75134
1026,42,34,2,509824
9624,36,15,4,1616602
7145,66,37,7,70516
9570,23,45,7,9829544
8094,50,24,2,75338
1711,62,33,5,69194
8842,61,38,7,75046
4490,62,35,5,6038221
9966,37,6,1,1692173
9923,22,26,5,69294
5430,19,42,2,69962
7947,33,49,1,75070
9275,19,21,2,279059
891,34,31,4,702136
1750,21,31,5,68648
1726,63,24,7,67296
626,66,38,4,71568
1722,49,32,3,68054
9711,51,44,4,1761724
2017,52,21,5,74304
1511,57,27,6,75242
7208,27,32,2,69312
9188,22,43,6,70098
1659,34,6,3,67552
2455,31,2,4,74694
675,56,4,5,115293
8199,49,8,3,66862
7874,68,6,3,188350
8276,28,16,4,1111378
2652,38,39,2,65982
2260,34,40,4,652324
6042,57,2,4,68974
2125,51,22,3,3539780
9098,47,43,2,73026
5814,39,45,3,1096032
8910,68,1,6,73332
7040,49,48,4,66598
23,47,39,1,65642
5134,62,43,6,68350
5672,38,20,3,73314
1233,55,4,4,73160
9242,57,48,4,73216
9961,44,24,6,117851
6765,33,27,4,66272
1609,57,11,4,271029
3979,21,24,4,1134122
2999,48,11,6,70242
9126,28,3,7,472865
6641,34,32,2,72698
8825,18,41,2,882016
7049,21,24,1,31989
7081,25,10,7,597392
8361,52,33,1,72858
8355,35,21,5,9795312
8146,47,3,5,73564
4762,63,26,6,4178540
5014,35,10,5,66762
9388,22,50,1,72356
6188,38,23,2,68180
5087,45,9,7,190220
9359,29,27,3,67022
7344,60,6,7,838928
8903,68,50,2,285105
3149,31,14,1,1064202
8258,39,18,4,70228
9412,61,37,6,65500
1993,64,16,3,73746
5151,28,31,4,70728
6029,57,49,2,68380
5078,68,25,7,769391
6870,21,33,4,68448
85,65,43,2,82524
4192,31,39,5,2571776
549,51,7,6,69044
2586,22,25,4,66710
3429,61,38,1,73084
8001,67,31,4,76459
3581,37,41,4,118878
8057,31,10,6,47106
2243,61,32,3,1711577
877,45,1,2,842278
1388,36,29,4,72840
9407,35,40,6,75114
7843,46,16,6,73892
5305,39,17,1,70072
7420,42,20,6,73970
7688,30,42,5,74610
5731,57,34,4,71528
8577,55,9,1,68404
9143,18,17,2,9531299
1434,41,10,1,384573
4722,34,27,4,1198802
275,49,28,6,75122
6126,27,27,4,101621
2197,66,32,6,292093
9046,23,15,5,55690
4698,34,20,7,1034990
3734,45,43,6,54853
1682,35,45,4,66954
651,29,29,7,350894
8971,23,28,2,70308
8593,64,44,7,948769
8625,48,43,1,69278
2129,57,29,5,66420
6565,46,35,1,637837
9580,51,43,5,5194176
982,44,45,5,70218
2589,52,32,1,75116
8529,48,9,1,73030
2308,61,29,3,54451
1059,58,40,2,69000
1461,35,8,5,69932
388,58,8,5,69374
5635,46,40,6,3037290
4099,50,40,2,74744
2114,69,5,1,74270
6601,48,23,2,69470
9926,43,32,2,70808
821,47,25,1,72950
8418,39,42,6,833045
3936,51,15,1,73694
6664,62,13,2,37404
4218,19,8,7,168798
7289,61,37,4,69276
9974,44,1,5,88309
8368,47,10,6,68222
6012,52,26,7,68848
3721,69,24,3,66760
3597,31,48,7,465266
2995,49,10,4,280479
4648,61,1,5,311187
6351,32,33,2,212582
7455,69,28,4,37056
716,34,22,6,500243
741,56,18,7,74916
4227,40,15,7,118531
6302,61,41,4,70518
1194,57,28,6,5039179
564,45,28,7,560997
3829,25,5,2,530842
2895,38,34,6,710172
4731,68,37,6,66204
5490,59,7,3,1432403
2436,29,3,2,69416
5043,58,29,2,319488
8761,37,15,5,683137
2043,70,22,3,8776380
1828,42,28,7,9163260
1942,53,39,7,73666
420,19,25,1,65090
8540,20,38,7,154319
5397,24,21,6,69916
2765,33,25,5,180920
9671,59,0,4,75228
6346,19,0,1,74840
9528,26,23,4,3079107
4160,52,22,3,74960
7090,59,19,5,70590
5249,42,25,1,314614
840,51,22,2,69468
6087,53,25,1,74334
3722,46,7,5,70854
3786,38,11,4,69902
3512,50,8,5,5371068
3063,38,17,3,68220
9064,56,3,5,2318391
9764,19,36,6,74894
2126,59,19,1,67510
4825,68,0,1,67464
215,32,50,7,68888
5448,49,36,5,65534
614,38,38,1,38792
162,56,41,1,74986
6160,42,20,5,2477788
7388,19,46,2,74274
6653,59,38,3,69748
4095,23,33,7,70320
964,22,34,4,6271915
7480,19,30,3,401700
4377,48,10,1,1923434
9158,61,7,2,3604018
5351,65,46,7,72486
9978,66,5,4,212004
6507,30,37,5,1996607
1091,19,20,4,71070
4104,28,7,2,71275
9976,43,45,4,77859
6316,65,23,3,367797
1939,21,16,5,166770
8874,37,45,7,1386356
5818,55,7,3,73106
2554,39,11,2,71574
112,25,22,4,5726383
7758,24,10,1,197903
7650,20,27,2,59250
5533,49,34,1,68666
7646,65,50,3,72390
4700,62,24,3,104141
9756,59,1,4,55457
4357,54,47,4,66214
1038,30,39,2,73400
7290,41,26,5,67340
1524,51,2,4,5348079
8966,21,34,6,417424
7551,42,46,2,72500
5150,57,49,6,1805817
2979,69,5,4,220148
7230,60,29,5,718841
2347,37,5,1,66822
1382,18,23,4,5654580
6853,23,0,3,71522
4855,38,28,2,231733
3972,67,4,3,74340
3068,57,36,1,70654
3457,32,11,7,70546
2626,55,36,4,73606
9399,21,10,5,168082
7508,24,32,6,74406
3383,39,39,3,66196
5623,49,24,2,70868
7787,60,21,7,150119
8806,34,18,4,66708
1264,48,40,1,183735
7686,69,26,7,136524
988,47,36,6,9127155
847,45,45,7,36759
4259,67,14,6,71096
3792,26,10,6,480895
7361,59,33,2,66480
1664,24,47,5,1361441
9720,20,33,5,39601
200,69,21,4,2567436
2981,36,16,1,2054888
7529,19,23,7,4625431
6107,61,13,6,69350
6977,52,10,4,36324
4011,65,41,7,3898551
8306,55,33,4,69422
3261,68,8,4,71136
2720,51,37,3,65770
4520,34,39,1,70180
6744,39,20,6,1450993
6938,43,29,1,1750926
1276,57,16,4,74818
5861,30,40,7,69456
8327,45,5,2,112453
6461,51,23,5,192172
8671,38,33,7,70684
1999,20,26,4,31239
2537,56,18,7,74220
2806,42,4,2,769594
5901,25,31,3,3695525
3116,25,18,3,433855
9999,37,48,7,1131084
392,66,48,5,5875038
2786,53,0,2,69716
2459,26,36,5,7102400
9134,48,47,4,75042
7270,19,32,7,72324
1342,28,22,7,128265
1321,63,40,1,309462
7692,61,36,2,69684
8546,51,24,3,518470
1217,20,15,3,66398
7483,21,18,3,1170779
4827,65,12,2,548550
522,54,15,1,66730
4243,36,49,2,64882
5950,53,4,4,1793874
2748,69,18,1,65326
5994,36,28,4,231650
2548,18,46,5,66778
3995,59,50,2,64690
8796,59,24,1,44163
7292,18,3,2,64488
8920,20,40,3,72276
8890,29,7,6,74964
8480,70,24,7,201688
526,45,34,7,64986
6595,61,5,6,44141
71,21,4,3,66784
3523,69,35,4,68764
4602,21,32,2,71806
2523,47,36,1,72086
8888,59,43,4,68352
7052,56,28,3,749191
4008,34,1,3,72730
729,43,48,6,72382
8121,45,46,2,69320
6349,25,13,4,3550214
7268,64,49,1,67184
1853,30,33,3,71580
6410,36,0,3,65638
6252,52,38,1,74742
6928,57,45,5,3763947
3439,67,19,3,71192
9722,56,15,3,715818
9945,36,22,1,66790
4065,54,40,6,68466
5582,25,20,5,74322
9749,28,17,7,75168
8678,38,26,2,74758
4938,42,49,2,89480
171,62,48,4,68156
6079,66,47,3,69158
5601,33,20,7,70386
9967,42,26,2,70096
2606,31,24,1,8720767
3778,63,2,6,65214
4402,61,48,4,447964
2425,40,38,6,67048
2388,36,48,1,484630
3865,27,14,2,243671
7345,35,30,2,75152
9620,58,7,4,68460
5325,64,29,4,75150
9447,29,7,2,231416
1920,51,44,2,65944
7568,25,24,7,562413
3808,28,37,4,69458
6198,42,49,6,71568
2221,53,32,7,68224
5024,27,45,6,1437135
1141,57,8,5,55064
4003,66,3,4,146041
979,31,23,6,70948
261,33,25,5,66600
6449,42,48,6,1410141
3019,29,47,4,402736
3136,19,40,3,71500
5376,42,46,3,67552
5326,36,1,2,108024
5684,21,25,3,151391
8485,43,8,2,65032
8717,45,5,4,274124
6279,52,6,4,73784
3224,50,38,3,2248558
1489,47,15,3,564817
3583,25,13,2,107058
5332,26,7,3,7503240
4848,39,12,1,60714
4078,45,20,5,65544
8230,25,42,1,70120
9848,19,49,4,75406
7765,35,29,1,206465
4262,69,30,7,1789540
6114,41,7,1,69884
1849,65,4,7,1097543
1339,69,2,2,1065813
2844,38,1,6,72540
5691,67,38,7,2926451
2394,22,26,5,71180
2978,28,31,1,66720
7750,39,48,3,73438
2274,48,8,5,65072
1921,41,3,5,6263252
7004,35,40,3,2813665
7212,25,6,5,118286
6925,45,26,5,66670
4685,66,37,1,5718811
5890,34,0,4,73100
7372,48,29,7,71662
1507,68,8,3,1626427
1360,41,28,4,66380
3905,41,35,5,73216
7628,18,43,1,74352
6544,44,2,2,4111958
2391,31,47,4,1546365
710,25,1,6,405190
322,53,48,4,155898
279,50,45,4,65708
2863,53,48,5,107920
139,39,27,7,70090
1663,39,36,5,559056
2957,40,41,7,8987029
2827,48,0,1,65426
4459,58,49,2,844956
107,24,13,7,71594
6405,49,1,3,151535
2968,52,48,2,73288
7795,47,26,3,65148
2468,70,22,2,1402780
668,42,0,1,74356
971,18,1,6,73316
7393,28,22,2,139819
4456,59,24,6,70933
8656,51,44,2,174297
170,56,27,7,70646
1396,33,1,5,34068
7554,31,48,1,128770
7363,67,24,5,70274
682,22,5,5,135880
6818,23,20,4,70234
8245,34,39,1,71492
9003,30,2,2,38525
1278,23,25,5,7030357
9874,70,3,1,51169
7505,27,2,1,2548786
6018,32,25,5,73314
9669,67,50,1,64986
4130,49,30,3,1476972
2334,60,25,3,225704
6968,64,31,1,72276
9635,59,31,7,66894
4090,65,39,4,73824
5308,34,15,4,65078
5605,69,43,4,74400
3665,52,22,7,66950
3297,45,49,4,67066
239,50,9,5,750717
9337,28,28,4,67682
8627,70,40,4,47148
6180,60,18,2,66188
4485,25,21,6,139185
1869,23,35,1,72502
3806,63,19,2,71198
4552,43,8,2,2055794
7006,58,4,3,79699
1542,70,7,1,60248
9904,67,19,3,66948
9125,69,33,1,68586
3780,25,20,4,747580
1565,18,20,2,71956
7895,61,13,7,74034
2025,33,50,2,107366
9500,55,44,7,9615158
2520,33,20,7,6950227
3777,66,3,2,70544
4365,35,39,3,9904254
9529,43,48,1,1213897
3434,23,41,3,67482
9583,38,3,1,66570
456,68,43,6,65068
8089,50,42,2,525029
2547,24,21,7,66000
3999,23,9,5,274237
3453,38,36,5,65862
4563,44,0,6,65396
4921,57,47,6,617928
5706,37,2,1,7189806
5587,44,27,7,74038
9738,30,38,4,68662
6917,60,29,3,48034
1518,60,25,4,211749
2643,56,34,2,291758
3393,29,39,4,74098
5937,37,21,3,2515227
5611,65,39,2,2075976
3554,68,39,3,67980
6791,51,0,5,68752
6778,34,9,7,66742
9819,50,36,2,75078
9418,38,35,6,73396
437,24,14,4,293587
3812,18,48,2,3165470
9629,24,15,4,67052
2409,30,17,2,1308106
6862,44,42,1,119973
9544,61,5,4,74872
9016,27,16,5,8474271
235,45,12,1,67264
9939,60,6,2,68194
9002,29,17,4,66468
4077,56,9,3,77086
412,67,10,7,72684
843,18,19,2,65088
2200,48,42,1,70030
857,70,4,6,1703881
9089,33,34,1,337228
5469,69,30,3,70046
7562,66,13,5,68240
8288,31,26,2,6911718
3671,21,42,7,67496
3214,47,24,2,1630364
6577,23,28,1,5029815
3080,45,1,1,400202
6430,35,11,5,74862
6051,25,22,6,859847
8449,49,0,3,67202
1138,61,21,6,584387
4850,21,27,5,57311
8608,33,28,1,68122
8476,21,40,3,3172180
6506,29,9,3,69460
4573,35,21,1,398402
9315,41,25,1,550622
9025,24,45,6,74552
3403,24,19,1,69046
3893,52,7,5,428450
7648,65,48,1,184302
5536,63,21,5,69846
7677,64,29,4,52744
774,70,7,3,69022
7618,18,5,3,59136
1769,56,20,5,75186
4290,39,50,7,65982
1115,37,33,6,68742
6266,62,23,3,63969
3178,62,44,4,68840
6794,44,22,4,73752
8280,38,37,4,60314
9441,58,11,2,5477453
1954,35,4,2,66842
3243,27,30,5,1396400
5819,41,8,5,74306
5758,25,36,4,71302
8235,31,17,4,70490
7095,47,7,6,72834
7570,45,5,5,68522
7000,59,23,1,4988959
6522,54,7,2,231308
5956,41,31,2,272823
9322,41,33,2,1532447
5979,30,45,2,67160
1309,46,48,7,69860
4895,34,47,5,71908
5764,37,27,5,74604
3957,66,0,2,71904
7162,20,19,7,73772
1346,35,34,2,70094
5303,35,16,4,140692
1016,40,50,3,67464
5291,69,30,5,66970
1997,28,35,3,75344
5529,47,43,5,72204
8137,37,24,7,1667638
5213,18,8,2,71103
2543,59,24,5,67376
6077,39,32,6,67448
173,60,23,2,226610
3992,59,41,6,2480059
9623,54,16,7,68721
6628,48,17,7,75386
31,42,39,4,3907114
7436,33,3,2,69518
7264,22,50,3,71336
7907,19,39,1,31623
7240,44,47,7,68114
7158,32,6,5,70242
1564,60,25,3,125045
2414,51,41,5,1818968
5806,45,3,1,37135
943,64,42,2,65412
7330,38,24,7,68238
8018,58,21,7,71332
8336,69,9,4,66862
7967,24,40,5,67826
5727,39,25,3,66152
9659,50,27,2,73694
2775,19,18,5,90868
4029,62,11,1,67778
2531,47,26,5,67755
4292,34,4,1,65968
829,64,44,2,67150
3344,40,10,7,69728
3605,32,22,1,1997152
2984,45,23,2,69958
6004,69,18,6,72618
8879,42,8,7,69552
6927,52,40,1,65026
6397,37,49,6,71452
3239,43,46,4,74442
2753,59,29,6,82521
3781,60,7,3,35201
8872,40,14,4,71098
5936,38,11,3,68396
7673,53,36,7,37497
903,55,19,4,74016
4013,21,15,1,5672048
1505,34,38,6,31398
408,20,0,6,66266
4584,25,13,5,137132
1068,50,43,1,69188
1423,51,25,2,69492
7147,62,37,5,404041
7945,40,39,2,66420
7193,31,17,1,228543
8234,31,26,4,37450
1604,57,12,6,240668
3965,29,45,2,151773
9650,60,25,5,74126
8240,63,46,2,7097719
6756,62,2,7,54689
5309,60,29,5,36117
2850,33,43,7,261373
8731,52,39,6,74578
1830,29,11,6,7583759
8004,32,30,2,1033625
1224,64,34,3,72772
9774,20,21,7,66834
123,56,47,6,70880
3345,43,15,7,2889951
2163,40,1,2,553259
2482,65,11,2,66768
393,63,47,7,68144
1957,64,15,4,72660
3488,23,31,1,139437
8693,50,41,4,66698
6587,22,38,1,67118
7815,43,8,6,2332922
2667,34,31,7,4271416
2932,19,47,7,69112
4116,64,43,1,73328
5324,56,6,3,53704
1580,52,37,2,70544
9231,27,34,4,65968
7993,32,50,5,3761547
7354,61,33,5,6419344
4053,35,19,4,65868
7176,20,37,7,2086910
4686,20,14,5,260049
7944,33,42,1,71972
249,21,21,7,72812
5331,60,37,3,141011
6101,25,20,5,69968
2793,69,39,5,69138
6694,67,0,3,72068
2563,41,16,1,1855348
5280,20,33,1,1832762
1734,61,4,1,69822
4468,50,7,5,90150
3385,19,12,2,2461351
9434,52,23,1,71478
4516,49,45,7,2820631
760,28,25,1,70198
264,23,50,7,70090
3223,62,15,5,287312
924,46,9,2,73616
4392,26,31,3,73210
3235,31,49,6,103034
8859,45,26,6,72170
3459,63,2,1,73748
543,47,16,4,69132
2971,22,12,5,75042
4071,28,19,3,76449
9369,24,23,6,71274
1030,56,32,6,66280
9284,69,15,3,1589756
3847,53,37,6,66358
7624,62,49,2,74466
9838,22,30,5,69074
8654,70,15,2,72542
6337,33,10,3,3638478
6924,59,19,3,3958929
1185,21,13,6,67266
6110,64,29,4,74922
7334,23,33,2,74570
8892,35,3,7,121713
9891,59,36,3,1216942
8536,29,49,6,71116
8217,54,3,6,77555
5821,39,10,6,74250
8423,43,39,3,65092
1479,28,17,3,66794
7708,31,30,4,59294
4859,18,4,3,74249
6776,29,12,6,300331
5416,49,29,2,2577335
7845,58,15,6,7741514
3582,18,4,7,126010
9263,45,34,3,71168
1577,66,40,1,72952
619,41,0,6,66950
2283,29,27,7,100534
6068,36,45,3,444850
6970,42,19,2,1401223
6764,62,49,4,65418
5556,50,15,4,116637
1337,58,23,6,72846
4619,68,41,4,107075
1696,57,9,6,70008
6584,21,31,6,68188
2171,53,48,6,405231
6171,69,24,6,244883
5447,60,37,4,66458
1128,30,6,2,1326637
9238,39,34,6,65526
2660,39,34,5,71582
4692,52,32,2,65646
4867,57,15,2,65786
1963,29,34,7,71690
8580,21,3,3,5730227
2255,42,35,7,74252
9124,46,32,7,71610
3769,31,8,7,1140841
3433,52,21,7,177289
872,18,5,3,71884
4785,66,42,5,61966
5234,37,23,1,67334
8337,59,5,2,68672
8068,30,31,3,88789
5216,55,38,2,72396
7820,59,50,7,65676
6777,33,41,7,71490
7472,52,22,2,3732150
5853,29,14,7,341511
2601,24,30,2,9992571
4574,31,19,2,8108664
460,66,3,1,78307
8923,39,35,1,69160
1289,35,1,4,66058
6804,52,49,3,68110
8178,57,8,1,8259996
977,51,11,2,60978
4793,70,14,2,8216769
6632,28,29,6,73062
6115,31,41,7,3536633
83,31,44,4,71224
4532,70,21,7,65432
8901,58,27,5,68528
9539,52,32,2,69774
7901,31,43,7,2386406
2219,32,47,7,90842
146,31,27,6,69850
3880,44,31,7,431829
8447,57,44,3,184279
4719,58,22,1,379409
6799,32,29,5,5590250
7261,47,28,1,69838
1137,27,42,3,66198
6112,29,48,6,33064
8352,50,26,3,73922
907,51,38,2,251933
554,49,4,6,71464
5285,64,48,2,70762
101,58,22,3,66248
7960,40,2,1,66160
4615,43,9,3,81351
4050,68,42,6,71628
4131,25,38,7,75066
2498,53,33,2,143648
1941,49,3,3,493126
6402,28,50,5,55506
1386,40,21,4,71994
8704,23,17,5,382816
1385,47,37,5,2567702
7201,58,26,2,1716914
22,61,39,2,3270292
5776,51,20,2,70814
3192,51,45,5,68376
9121,56,27,7,66630
2631,63,28,4,1029648
1710,33,40,4,70592
9813,52,6,4,68346
8353,38,46,7,67776
5200,35,45,4,3117233
8737,55,18,1,904118
7224,53,47,5,68156
1811,52,28,6,1106374
6435,27,27,6,2659772
3164,27,18,1,65428
4001,35,45,4,72934
2469,46,16,1,72348
1833,32,2,7,832347
3477,50,1,7,66314
34,59,17,7,875085
7781,66,42,5,191350
9204,55,40,6,72980
4142,49,14,6,159424
8961,48,15,7,74264
4603,52,38,2,66584
4936,60,7,5,2055159
4139,48,24,2,75440
326,52,32,6,73552
7408,66,29,6,82694
7022,21,19,2,48146
7917,37,33,4,66886
321,25,4,4,4147945
7085,54,40,5,74624
2127,61,3,7,3387236
3450,58,45,1,65498
9953,56,19,1,70050
7482,30,41,6,72550
4005,30,44,2,74110
1548,23,29,6,227256
4898,32,1,1,65636
8663,30,34,3,2025740
8701,61,42,5,72294
8350,24,31,1,2446002
5113,67,24,7,2184424
5374,34,45,5,1730317
251,34,5,2,65036
8610,61,44,6,411813
3086,38,50,5,5081535
2094,49,18,5,50948
7180,64,40,4,68132
5262,50,36,5,119916
2008,37,42,1,65826
3529,28,18,2,37268
1247,48,6,4,69386
630,40,43,2,68738
1630,66,39,7,72760
1218,24,23,1,65364
6581,37,25,2,275641
3414,32,20,3,75046
9209,28,23,5,70446
4828,64,2,5,73716
6019,29,19,5,75198
8795,35,45,4,570121
4666,39,13,4,121373
1959,29,16,3,8329052
5584,50,28,4,73328
3482,49,43,5,2275178
4909,57,29,1,75114
9682,31,8,3,491931
4169,24,18,1,3988019
6032,28,35,7,73844
4393,41,48,6,67970
7249,21,33,5,71922
8460,43,17,1,1078818
1054,57,11,4,316137
5048,52,21,5,71296
4126,34,38,2,66828
4862,53,3,7,74100
4083,63,29,6,3172498
1715,52,5,1,220663
3079,39,46,5,5123948
9299,41,15,5,73290
6039,46,25,3,71690
7069,35,41,3,72328
3910,35,40,2,65652
4457,64,43,6,69628
995,25,32,5,102099
2822,46,27,4,402252
3930,65,17,1,67578
5649,51,25,7,71942
2881,38,26,5,9049636
6060,68,11,1,9859518
4766,21,9,2,8864254
7824,37,47,6,115602
1528,23,4,6,31401
8604,30,26,4,70514
7337,40,24,3,69164
3142,53,21,3,71856
3680,46,49,4,66324
5097,18,19,1,68878
7325,61,39,2,73828
7764,21,45,4,6951720
5682,18,16,7,2145723
3528,61,12,1,494819
1885,44,48,2,94514
6754,49,40,7,7137691
3408,63,39,2,72450
5730,46,27,5,73616
7726,38,33,2,73332
5018,66,4,4,52840
8445,59,39,1,74662
4995,36,49,4,86052
6384,21,28,5,76818
7866,67,32,6,43561
7028,47,37,4,70634
4297,58,45,2,72672
8410,29,10,7,65916
7116,61,33,7,100248
7127,51,11,5,806633
9279,44,43,5,4967902
6658,43,26,7,74594
5251,63,28,3,75310
8206,60,2,6,4437923
575,60,6,5,65972
37,32,20,4,8440036
2994,64,36,7,65604
2332,67,46,7,1331940
3731,21,30,5,65780
1751,35,16,5,65480
772,48,45,7,66960
464,32,5,3,70596
8808,32,6,1,1755980
8204,44,34,1,65896
7844,68,30,4,816152
839,50,39,6,71632
9549,49,48,3,67914
9655,43,24,4,73910
1154,47,32,3,562323
3963,65,6,2,2135071
6231,38,25,5,68636
1024,68,46,5,66112
481,52,38,2,65018
6569,69,48,3,72674
6858,50,29,2,4634689
6549,23,35,1,74604
1435,40,22,4,68686
5323,31,21,5,90384
2410,48,45,2,69530
8518,60,35,4,4671851
1680,56,19,6,74568
3263,46,20,7,65114
4763,45,48,4,73438
592,67,32,2,2053628
4557,69,0,3,71952
2777,35,33,3,118598
7653,52,34,5,47314
8486,54,33,6,65720
750,70,42,3,74500
4046,64,30,7,348056
252,55,35,1,74706
4151,33,36,3,71070
4600,58,41,3,228502
5618,41,12,3,41911
7097,56,4,5,100996
5715,19,26,3,74458
3546,45,36,1,74454
2762,31,33,1,2478251
3696,61,32,1,1179439
5450,47,28,3,72800
3325,32,15,3,69332
8111,41,41,6,257175
3960,22,28,7,61314
5604,52,8,4,74626
5967,30,35,5,72336
9951,63,15,2,75262
6831,40,41,4,282029
4342,28,40,7,68866
8428,40,41,2,9431162
8611,47,32,6,67236
5076,32,20,6,69422
8070,44,17,1,66450
9027,19,25,1,4080614
5074,27,47,7,74626
6303,32,44,1,293279
4896,20,35,2,164749
2507,51,4,5,1458701
6407,21,41,4,68794
2266,22,5,1,52944
608,67,44,4,410272
3180,34,45,1,66941
9852,58,36,3,292279
3266,66,3,1,74456
7951,52,45,7,182886
6766,22,2,5,189397
4540,60,12,7,446360
7829,18,31,6,64982
7051,34,44,7,2454803
4312,53,29,7,71046
6530,69,38,7,69572
2851,33,34,2,69278
6150,21,35,4,67088
948,33,39,7,69136
8364,35,41,4,69018
4566,49,37,7,761620
5431,30,32,6,74336
9240,40,20,1,69462
6598,59,37,3,68594
5921,23,6,6,90849
2252,64,21,5,1314361
5769,34,4,1,67226
5268,62,13,2,69742
8588,41,29,4,75384
7518,43,38,5,66070
9721,35,17,5,970073
730,36,34,1,70312
6675,47,47,3,72638
645,42,28,7,2936742
3331,32,20,7,68254
3271,23,0,7,66004
1610,59,30,4,65398
3738,62,32,6,73410
9553,22,3,6,427992
1120,64,1,6,70404
5657,21,46,1,33536
4889,66,7,6,7713427
8662,58,11,3,151382
2515,46,2,1,3235523
4285,66,28,5,74296
9087,30,31,1,75442
7405,41,36,4,74446
2263,19,29,6,71180
6611,36,45,2,119829
1987,46,32,7,277840
7169,23,41,1,70694
8515,54,12,5,832287
2910,21,9,1,66836
5766,70,35,3,65608
7513,56,36,7,70118
1199,50,37,2,2772770
2449,55,3,4,66254
4235,34,17,3,226552
9968,21,17,4,68702
5082,53,48,6,67866
5919,25,7,7,8695764
9269,24,18,1,67232
6238,18,23,3,70968
1399,35,28,1,71802
2427,62,21,3,73342
8519,32,11,5,2401904
1097,23,34,2,68856
3356,67,38,2,218277
1534,55,11,5,2276640
1508,34,2,3,69730
5017,58,16,5,66226
5254,22,44,5,68842
4981,22,41,5,67118
3268,27,44,5,6236164
8297,56,0,5,67512
4778,46,39,2,70726
6616,69,42,3,72686
3749,40,7,3,197235
2046,37,6,4,71110
2458,63,5,6,68250
762,53,48,1,4386989
2445,49,7,3,47983
2760,59,1,4,73218
8831,35,34,1,37088
1023,52,15,3,71852
4718,58,29,5,74230
3691,22,37,3,66924
1221,59,1,2,64936
1721,35,2,3,72898
1541,40,17,3,66162
5282,39,20,3,183953
4512,37,20,6,808816
9825,45,16,3,1115645
2717,29,12,3,69272
9135,55,11,3,3944433
8709,45,20,5,64912
9084,45,1,4,70960
2174,46,10,3,1749980
1406,45,23,3,68070
5716,54,11,4,65950
5824,28,17,7,67472
2956,18,4,1,1709900
3557,28,4,4,3689619
8708,38,21,2,1395972
2862,69,46,1,2219656
6588,37,12,2,68976
7909,67,36,7,69554
8426,29,32,2,53281
3247,60,18,4,4944170
8988,64,22,3,73528
8207,54,18,2,350529
5442,57,0,2,69394
6154,18,0,7,71112
8900,24,24,1,2772650
7284,70,19,6,68590
9000,70,30,7,66740
6600,59,40,5,6966644
7016,18,2,7,66566
4788,69,22,1,74866
3984,44,48,7,65270
1447,49,49,1,72370
4973,31,2,5,846366
5225,66,21,7,85745
2728,58,10,7,388119
9540,40,3,1,68786
2592,50,41,6,69942
5327,32,31,7,72690
7437,61,20,4,66764
9674,44,24,2,68076
1838,51,9,7,6378201
6001,48,29,3,72118
6372,70,13,2,37467
6067,23,32,1,221671
9160,22,11,7,68882
1350,34,31,3,65924
4891,65,31,5,71122
8470,56,28,5,69216
5246,38,36,3,704064
3041,42,15,6,72504
2072,47,37,1,448650
5566,32,21,6,68666
9018,69,28,2,65692
8132,31,33,7,67436
7861,20,7,3,65908
9111,70,21,6,508587
5067,19,30,6,74558
6049,62,22,2,73482
6064,56,29,6,607190
8059,46,27,5,72064
2418,55,45,7,67618
4074,29,18,5,67094
5428,62,39,7,69074
1161,70,16,3,44084
3565,47,3,1,816578
8907,67,46,5,74014
9843,37,50,4,68414
2101,27,18,2,71350
9920,24,45,1,303503
1375,66,38,5,70144
4974,22,31,1,65939
2399,67,6,6,67488
4254,69,37,1,66256
4016,58,42,1,67622
8510,70,26,3,68866
3174,27,47,7,64928
7217,42,9,5,71700
5802,46,42,4,73380
5688,29,6,3,70442
9644,30,22,4,8780759
3563,61,19,5,66088
8600,66,16,3,1869240
2546,21,20,3,48221
1444,25,30,4,67532
6281,22,21,3,907568
8914,31,10,3,74268
3520,45,30,3,4612808
5401,36,44,2,66598
7433,36,48,5,67042
612,53,41,1,68502
6237,29,32,4,72716
3857,29,37,4,378648
382,47,29,3,66010
4620,46,17,7,72296
1812,55,10,1,70760
3248,66,17,6,4558614
1985,56,32,3,234442
41,69,8,5,73738
6686,58,25,5,476841
4948,25,9,7,276860
6153,65,26,7,3224673
2900,49,5,1,73546
5479,45,21,5,72406
6650,59,28,7,71706
3638,20,37,3,73728
7218,34,34,6,72498
8951,55,1,7,40646
9800,29,9,4,71512
9395,54,23,2,70934
8893,19,49,5,67298
3421,57,22,4,722717
3118,61,34,6,66696
4096,53,35,3,65570
1372,34,39,3,67400
5139,40,36,6,136474
95,64,39,4,67232
4045,30,35,5,325563
6095,59,0,1,65510
8140,21,9,3,74142
9474,32,49,1,69488
8268,23,5,4,4644141
9287,23,0,4,70604
9730,21,15,2,55511
2041,46,21,1,68178
466,54,30,3,354525
9907,67,48,1,70924
6674,19,37,4,71036
1413,18,12,4,73636
8922,39,49,4,74652
7882,43,32,3,67918
5848,30,39,5,75028
1188,59,50,2,7096066
8865,45,49,3,5468201
574,68,27,5,73768
1780,37,18,2,1590059
2627,59,9,2,70436
9482,67,4,1,1903251
3610,44,33,7,74980
6292,23,46,3,73358
3556,35,23,4,273561
7324,25,19,2,71296
4340,41,44,4,1928221
4272,35,7,7,815510
181,45,47,3,73182
2825,40,44,2,72594
5377,20,36,2,35860
6702,42,4,3,73858
1768,23,36,5,52807
8017,55,15,2,5806293
2893,67,22,5,112205
4687,37,49,6,71156
7045,33,28,3,67256
3295,47,48,3,313450
9379,18,18,6,73304
9193,54,18,3,9752270
8158,38,14,6,71070
2205,45,44,2,70592
1496,39,23,2,38941
6497,43,23,4,67274
662,64,20,6,68878
8819,29,4,5,559926
8929,65,37,1,63488
5528,20,46,5,472049
4021,39,11,1,69354
1967,50,26,3,65038
1918,57,40,7,68434
2509,21,6,3,72048
1341,43,1,4,4515342
5543,56,7,4,72882
7257,33,18,4,70568
6566,53,15,6,776585
8495,52,20,7,67288
4760,65,9,4,72298
3077,60,40,3,1455978
2530,42,17,6,73218
4154,58,33,3,75098
3551,69,6,1,67536
3874,26,24,5,71466
5114,52,47,3,73360
8820,37,26,6,66182
7595,43,45,3,70862
1135,22,47,5,67218
1416,56,29,4,69408
828,49,24,6,55420
5565,52,28,3,71076
7366,44,10,1,65920
2081,42,10,1,3502382
2230,35,7,1,2536154
5811,53,22,6,71834
4416,64,49,7,3080931
1394,46,28,7,725321
8138,20,30,6,68792
6636,43,50,2,69522
260,65,13,2,66868
9647,60,1,2,73956
1654,64,35,7,73966
5221,38,30,5,73682
4809,45,20,3,5461231
1228,47,37,1,65480
9180,43,44,6,5251296
1107,68,10,2,72064
926,27,14,3,74320
1943,67,49,5,389815
4665,44,5,7,544497
9988,38,35,1,72780
9706,19,36,7,72612
5808,53,35,3,72534
757,38,16,7,7926737
6428,31,13,3,71932
7850,47,40,4,216662
6854,25,9,3,71758
6998,40,12,3,74224
6119,20,8,3,1351762
366,51,17,4,65782
9217,25,43,2,68772
9172,64,20,2,117874
6274,44,3,2,351401
1839,41,46,2,68116
823,62,36,2,37263
659,48,15,6,65040
3611,40,36,2,1816550
9343,60,31,3,162928
9554,59,22,4,1456199
8301,24,9,5,872400
579,18,9,3,66600
3377,51,6,6,65970
5698,37,36,2,68544
2669,51,1,4,71144
4796,54,31,1,73532
5895,30,31,6,68634
7899,62,50,6,534159
8088,19,34,4,73732
4942,61,17,7,373400
3135,44,20,1,46941
9116,48,1,1,447850
6736,63,50,3,73490
227,20,32,5,73568
8766,19,21,5,70762
1409,47,33,6,69228
6028,60,41,4,66220
2051,31,46,5,43161
3279,41,39,3,65260
4188,40,25,2,73766
4038,56,43,5,9011886
8398,25,29,7,65984
1441,50,14,2,65058
3933,50,2,1,67774
3739,20,2,2,74784
5402,19,14,1,54962
4400,23,31,5,73052
7543,39,20,4,74060
8581,66,1,2,105919
6948,41,45,1,71704
2324,50,43,5,8410443
9514,48,17,4,65956
3765,62,23,4,306709
8770,22,46,7,135830
6873,55,41,7,72246
2712,56,32,4,74934
728,27,22,4,878775
3025,49,23,1,68760
605,24,32,4,2657918
14,53,32,3,73964
6172,32,11,7,70396
4294,41,42,1,68956
5838,34,50,6,1342174
6390,35,24,2,66714
7122,28,44,6,5445959
8999,58,5,3,129720
1007,41,45,4,74638
8412,28,18,3,73538
5773,36,25,1,73398
4081,37,38,3,69372
5847,39,36,4,70612
1816,26,0,4,67166
654,29,49,2,68700
2136,56,12,7,8025136
8236,27,16,4,74014
3537,51,6,7,2477341
9632,29,49,2,69594
32,66,28,1,239639
5125,43,38,7,2617338
4390,62,5,4,69106
6364,33,3,2,7144540
4746,31,16,4,67576
8394,29,5,5,66514
3269,22,15,6,72176
1627,66,12,5,68790
2307,23,31,1,323809
4054,57,49,1,174926
6465,28,14,6,2640146
5144,50,9,3,1664859
4795,23,44,1,69542
7528,62,40,7,73108
126,24,6,6,4855305
7185,62,11,5,75326
6479,68,48,7,427456
211,68,10,6,75497
